{"loss": [2.4204442501068115, 2.2126946449279785, 2.08414888381958, 1.9448416233062744, 1.8216456174850464, 1.7085516452789307, 1.605784296989441, 1.517647624015808, 1.4351197481155396, 1.3659991025924683], "accuracy": [0.7693793773651123, 0.8268533945083618, 0.8493117690086365, 0.8676648139953613, 0.8889157176017761, 0.895194411277771, 0.8980922698974609, 0.9070273041725159, 0.9094421863555908, 0.9101666212081909], "auc": [0.9103192687034607, 0.9444206953048706, 0.9490033388137817, 0.9581656455993652, 0.9636574983596802, 0.9689235091209412, 0.972456693649292, 0.9728736877441406, 0.9738770127296448, 0.9711435437202454], "val_loss": [3.1308085918426514, 3.2336955070495605, 2.2967820167541504, 1.957767367362976, 1.758380651473999, 1.6338123083114624, 1.954778790473938, 1.4561502933502197, 1.471456527709961, 1.2637815475463867], "val_accuracy": [0.2587890625, 0.2548828125, 0.7119140625, 0.8330078125, 0.8857421875, 0.9072265625, 0.78125, 0.9150390625, 0.8935546875, 0.9326171875], "val_auc": [0.4264225661754608, 0.4787062704563141, 0.6535751819610596, 0.9227524995803833, 0.969477653503418, 0.9704495668411255, 0.9730641841888428, 0.9737839102745056, 0.983085036277771, 0.9832069873809814], "lr": [4.999999873689376e-05, 4.999999873689376e-05, 4.999999873689376e-05, 4.999999873689376e-05, 4.999999873689376e-05, 4.999999873689376e-05, 4.999999873689376e-05, 4.999999873689376e-05, 4.999999873689376e-05, 4.999999873689376e-05]}